{"cameraMode":{"drawMode":0,"name":"Shaded","section":"Shading Mode"},"sceneLighting":true,"audioPlay":false,"sceneViewState":{"m_AlwaysRefresh":false,"showFog":true,"showSkybox":true,"showFlares":true,"showImageEffects":true,"showParticleSystems":true,"showVisualEffectGraphs":true,"m_FxEnabled":true},"in2DMode":false,"pivot":{"x":7.588613986968994,"y":5.545608997344971,"z":-6.931683540344238},"rotation":{"x":-0.02786223404109478,"y":-0.09497775137424469,"z":0.0016952721634879709,"w":-0.9951850175857544},"size":3.5555574893951418,"orthographic":false}