{"cameraMode":{"drawMode":0,"name":"Shaded","section":"Shading Mode"},"sceneLighting":true,"audioPlay":false,"sceneViewState":{"m_AlwaysRefresh":false,"showFog":true,"showSkybox":true,"showFlares":true,"showImageEffects":true,"showParticleSystems":true,"showVisualEffectGraphs":true,"m_FxEnabled":true},"in2DMode":false,"pivot":{"x":1.4668943881988526,"y":1.9680001735687256,"z":-0.8500000238418579},"rotation":{"x":-0.15504837036132813,"y":-0.021058086305856706,"z":0.0032689881045371296,"w":-0.9877408146858215},"size":5.977207660675049,"orthographic":false}